Workbook

Sheet Efek Suara
A1: Daftar efek suara yang dipakai game saat ini
A2: Sumber: duel-meriam-english-v6.html. Kolom berwarna biru (Durasi dan Varian) adalah angka perkiraan yang dapat diubah; ukuran dihitung dari lembar Asumsi.
A4: No | B4: Nama file usulan | C4: Dipicu saat | D4: Durasi sekarang (detik) | E4: Karakter suara | F4: Seberapa sering | G4: Volume relatif (kode saat ini) | H4: Varian disarankan | I4: Perkiraan ukuran satu format (KB) | J4: Catatan
A5: 1 | B5: shoot | C5: Meriam menembak | D5: 0.25 | E5: Dentuman tembakan pendek, bunyi "duk" rendah | F5: Tiap tembakan | G5: Keras (sekitar 0,35) | H5: 3 | I5: =D5*H5*Asumsi!$B$5 -> 12 | J5: Sering berulang; sediakan beberapa varian.
A6: 2 | B6: boom | C6: Peluru meledak (kena tanah, kena meriam, atau Bom Udara) | D6: 0.7 | E6: Ledakan besar, paling keras | F6: Tiap ledakan, termasuk 6 bom udara | G6: Paling keras (sekitar 0,5) | H6: 3 | I6: =D6*H6*Asumsi!$B$5 -> 33.6 | J6: Pertimbangkan versi lebih pelan untuk Bom Udara (enam ledakan beruntun).
A7: 3 | B7: correct | C7: Jawaban benar | D7: 0.3 | E7: Dua nada naik, ceria | F7: Tiap jawaban benar | G7: Pelan (0,06 sampai 0,18) | H7: 2 | I7: =D7*H7*Asumsi!$B$5 -> 9.6
A8: 4 | B8: wrong | C8: Jawaban salah | D8: 0.3 | E8: Satu nada turun, kasar | F8: Tiap jawaban salah | G8: Pelan (0,06 sampai 0,18) | H8: 1 | I8: =D8*H8*Asumsi!$B$5 -> 4.8
A9: 5 | B9: coin | C9: Koin tiba di dompet, atau pengembalian modal Investasi | D9: 0.27 | E9: Dua dentingan tinggi | F9: Tiap koin masuk | G9: Pelan (0,06 sampai 0,18) | H9: 2 | I9: =D9*H9*Asumsi!$B$5 -> 8.64 | J9: Dipakai di dua situasi; hindari gema panjang di akhir file.
A10: 6 | B10: buy | C10: Beli peluru, Radar, Reload Kilat, atau Investasi | D10: 0.2 | E10: Dua nada pendek | F10: Tiap pembelian | G10: Pelan (0,06 sampai 0,18) | H10: 1 | I10: =D10*H10*Asumsi!$B$5 -> 3.2 | J10: Satu nama untuk empat jenis pembelian; boleh dipecah: buy_ammo, buy_power, invest.
A11: 7 | B11: split | C11: Peluru Tandan pecah di puncak lintasan | D11: 0.15 | E11: Letupan kecil dengan nada naik | F11: Tiap Peluru Tandan | G11: Pelan (0,06 sampai 0,18) | H11: 1 | I11: =D11*H11*Asumsi!$B$5 -> 2.4
A12: 8 | B12: pop | C12: Tiap serpihan Peluru Tandan mendarat | D12: 0.05 | E12: Letupan sangat kecil | F12: Sampai 10 kali berdekatan | G12: Pelan (0,06 sampai 0,18) | H12: 2 | I12: =D12*H12*Asumsi!$B$5 -> 1.6 | J12: Harus kurang dari 0,1 detik dan pelan karena bisa tumpang-tindih.
A13: 9 | B13: load | C13: Meriam kosong dibeli peluru, lalu mulai mengisi | D13: 0.3 | E13: Bunyi mengisi laras, "klak-klak" | F13: Tiap pengisian dari kosong | G13: Pelan (0,06 sampai 0,18) | H13: 1 | I13: =D13*H13*Asumsi!$B$5 -> 4.8
A14: 10 | B14: ready | C14: Pengisian selesai | D14: 0.16 | E14: Dua nada pendek | F14: Tiap isi ulang selesai | G14: Pelan (0,06 sampai 0,18) | H14: 1 | I14: =D14*H14*Asumsi!$B$5 -> 2.56
A15: 11 | B15: deny | C15: Koin kurang atau item tidak bisa dibeli | D15: 0.2 | E15: Nada rendah penolakan | F15: Tiap penolakan | G15: Pelan (0,06 sampai 0,18) | H15: 1 | I15: =D15*H15*Asumsi!$B$5 -> 3.2
A16: 12 | B16: upgrade | C16: Upgrade meriam | D16: 0.5 | E16: Empat nada naik (arpeggio), nadanya naik sesuai level | F16: Tiap upgrade | G16: Pelan (0,06 sampai 0,18) | H16: 4 | I16: =D16*H16*Asumsi!$B$5 -> 32 | J16: Sekarang nada berubah tiap level (Lv 2 sampai 10); buat 3 sampai 4 tingkat atau ubah nada saat dimainkan.
A17: 13 | B17: repair | C17: Perbaikan atau bangun ulang meriam | D17: 0.3 | E17: Tiga bunyi logam naik | F17: Tiap perbaikan | G17: Pelan (0,06 sampai 0,18) | H17: 1 | I17: =D17*H17*Asumsi!$B$5 -> 4.8
A18: 14 | B18: shield | C18: Memasang perisai | D18: 0.4 | E18: Sapuan energi naik, desis halus | F18: Tiap perisai | G18: Pelan (0,06 sampai 0,18) | H18: 1 | I18: =D18*H18*Asumsi!$B$5 -> 6.4
A19: 15 | B19: freeze | C19: Meriam terkena Peluru Es | D19: 0.4 | E19: Bunyi kaca atau es membeku | F19: Tiap meriam beku | G19: Pelan (0,06 sampai 0,18) | H19: 1 | I19: =D19*H19*Asumsi!$B$5 -> 6.4
A20: 16 | B20: siren | C20: Memanggil Bom Udara | D20: 0.8 | E20: Sirene empat nada bergantian | F20: Tiap Bom Udara | G20: Pelan (0,06 sampai 0,18) | H20: 1 | I20: =D20*H20*Asumsi!$B$5 -> 12.8
A21: 17 | B21: win | C21: Pertandingan selesai dan ringkasan tampil | D21: 0.8 | E21: Fanfare empat nada naik | F21: Sekali per pertandingan | G21: Pelan (0,06 sampai 0,18) | H21: 1 | I21: =D21*H21*Asumsi!$B$5 -> 12.8
B23: Ringkasan
B24: Jumlah efek suara | D24: =COUNTA(B5:B21) -> 17
B25: Total durasi satu varian tiap efek (detik) | D25: =SUM(D5:D21) -> 6.08
B26: Total jumlah file varian yang disarankan | D26: =SUM(H5:H21) -> 27
B27: Perkiraan ukuran satu format (KB) | D27: =SUM(I5:I21) -> 161.6
B28: Perkiraan ukuran semua format (KB) | D28: =SUM(I5:I21)*Asumsi!$B$6 -> 323.2
B29: Pertambahan ukuran HTML bila ditanam base64 (KB) | D29: =SUM(I5:I21)*Asumsi!$B$6*Asumsi!$B$7 -> 430.92256

Sheet Catatan Teknis
A1: Hal yang perlu diperhatikan saat menyiapkan file audio
A3: Topik | B3: Rincian dan rekomendasi
A4: Satu nama dipakai di beberapa tempat | B4: buy dipakai untuk empat jenis pembelian (peluru, Radar, Reload Kilat, Investasi) dan coin untuk koin tiba serta pengembalian modal Investasi. boom dipakai untuk semua ledakan, termasuk Bom Udara; pertimbangkan versi lebih pelan untuk bom udara.
A5: Varian agar tidak membosankan | B5: shoot, boom, pop, correct, dan coin sering berbunyi berulang. Idealnya 2 sampai 4 varian untuk shoot dan boom, serta 2 varian untuk pop dan coin.
A6: Upgrade per level | B6: Sekarang nada upgrade naik sesuai level (Lv 2 sampai 10). Dengan file, buat 3 sampai 4 tingkat (awal, menengah, tinggi, Lv 10 spesial) atau satu file dengan pengubahan nada saat dimainkan.
A7: Efek yang tumpang-tindih | B7: pop bisa berbunyi sampai 10 kali hampir bersamaan: harus kurang dari 0,1 detik dan pelan. coin dan boom sering bertemu efek lain: hindari bagian sunyi atau gema panjang di akhir file.
A8: Takaran volume | B8: boom paling keras (sekitar 0,5), shoot sekitar 0,35, efek lain 0,06 sampai 0,18. Normalkan tiap file agar perbandingan ini terjaga, atau siapkan pengatur volume per file di kode.
A9: Format | B9: Mono, 44,1 kHz, .ogg dan .mp3 (cadangan untuk Safari). Untuk efek di bawah 1 detik, ukuran total sekitar 200 sampai 500 KB (lihat perkiraan di lembar Efek Suara).
A10: Cara dimasukkan ke game | B10: Game ini satu file HTML dan sering dibuka dari komputer lokal, jadi disarankan menanam audio sebagai data base64 di dalam HTML, bukan folder terpisah. Chrome sering menolak memuat file audio dari folder saat halaman dibuka lewat file://. File HTML membesar sekitar sepertiga dari total ukuran audio.
A11: Pengatur suara | B11: Pengatur suara di menu dan tombol suara akan tetap berfungsi dengan file audio.

Sheet Kandidat Tambahan
A1: Audio yang belum ada di game sekarang (kandidat tambahan)
A3: No | B3: Kandidat | C3: Keterangan
A4: 1 | B4: Musik latar menu dan permainan | C4: Belum ada musik sama sekali.
A5: 2 | B5: Klik tombol atau menu | C5: Tidak ada suara antarmuka.
A6: 3 | B6: Ketukan saat menyeret meriam | C6: Umpan balik saat mengatur sudut dengan seret.
A7: 4 | B7: Peringatan sisa waktu | C7: Belum ada suara untuk batas waktu.
A8: 5 | B8: Dentuman meriam hancur | C8: Meriam hancur memakai boom yang sama dengan ledakan lain.
A9: 6 | B9: Suara angin | C9: Belum ada suara lingkungan.

Sheet Asumsi
A1: Asumsi dan sumber angka
A2: Sel berwarna biru dapat diubah; seluruh perhitungan ukuran pada lembar "Efek Suara" mengikuti sel ini.
A3: Parameter | B3: Nilai | C3: Keterangan / sumber
A4: Bitrate efek suara (kbps) | B4: 128 | C4: Asumsi saya: .ogg mono sekitar 128 kbps. Bukan hasil pengukuran file.
A5: Ukuran per detik audio (KB/detik) | B5: =B4/8 -> 16 | C5: Rumus: kbps dibagi 8 (bit menjadi byte).
A6: Jumlah format yang disertakan | B6: 2 | C6: .ogg dan .mp3 (cadangan untuk Safari), sesuai jawaban sebelumnya.
A7: Pertambahan ukuran bila ditanam base64 (rasio) | B7: 1.3333 | C7: Encoding base64 menambah sekitar sepertiga ukuran data.
A9: Catatan sumber data
A10: Daftar 17 efek, pemicu, dan durasi diambil dari objek sfx pada duel-meriam-english-v6.html (sintesis gelombang dengan tone dan noise).
A11: Durasi pada kolom D adalah perkiraan dari jumlah panjang nada dan derau di kode, bukan hasil pengukuran suara.
A12: Jumlah varian disarankan (kolom H) adalah usulan; ubah sesuai kebutuhan Anda.
A13: Volume relatif berasal dari angka volume di kode: boom sekitar 0,5, shoot sekitar 0,35, efek lain 0,06 sampai 0,18.
